NUTS code,x1997,GVA % 1997,x1998,GVA % 1998,x1999,GVA % 1999,x2000,GVA % 2000,x2001,GVA % 2001,x2002,GVA % 2002,x2003,GVA % 2003,x2004,GVA % 2004,x2005,GVA % 2005,x2006,GVA % 2006,x2007,GVA % 2007,x2008,GVA % 2008,x2009,GVA % 2009,x2010,GVA % 2010,x2011,GVA % 2011,x2012,GVA % 2012,x2013,GVA % 2013,x2014,GVA % 2014,x2015,GVA % 2015,x2016,GVA % 2016,x2017,GVA % 2017,Percentage change
UKI52,"11,962",81.35%,"12,439",81.44%,"12,916",81.96%,"13,235",79.79%,"13,567",78.99%,"14,040",78.29%,"14,814",78.36%,"15,427",78.33%,"16,102",77.75%,"16,758",77.16%,"17,732",78.32%,"17,886",77.35%,"16,638",73.99%,"17,089",75.02%,"17,329",74.69%,"18,286",76.90%,"18,655",76.02%,"19,026",74.67%,"19,193",73.86%,"19,028",71.14%,"19,440",70.87%,-10.48%
UKI71,"14,473",98.43%,"15,143",99.15%,"15,740",99.89%,"16,570",99.89%,"16,615",96.74%,"17,328",96.62%,"18,352",97.07%,"18,962",96.27%,"19,698",95.12%,"20,410",93.98%,"21,636",95.57%,"22,466",97.15%,"21,251",94.51%,"21,592",94.79%,"21,920",94.47%,"22,447",94.39%,"23,269",94.82%,"25,339",99.45%,"25,455",97.95%,"25,403",94.97%,"25,950",94.60%,-3.82%
UKE31,"9,039",61.47%,"9,615",62.95%,"9,541",60.55%,"10,069",60.70%,"10,428",60.72%,"11,236",62.65%,"12,094",63.97%,"12,979",65.90%,"13,411",64.76%,"14,043",64.66%,"14,952",66.04%,"14,370",62.14%,"13,938",61.99%,"14,397",63.20%,"14,444",62.25%,"14,608",61.43%,"15,162",61.78%,"15,774",61.91%,"16,661",64.11%,"17,195",64.28%,"17,404",63.45%,1.98%
UKK12,"13,950",94.87%,"14,745",96.54%,"14,934",94.77%,"15,659",94.40%,"17,112",99.63%,"17,964",100.17%,"19,491",103.10%,"20,094",102.02%,"21,219",102.46%,"21,857",100.64%,"22,755",100.51%,"23,743",102.68%,"23,165",103.02%,"24,150",106.02%,"24,437",105.32%,"24,655",103.68%,"25,471",103.79%,"26,994",105.94%,"26,880",103.44%,"27,690",103.52%,"28,051",102.26%,7.39%
UKH24,"14,086",95.80%,"14,508",94.99%,"14,258",90.48%,"14,956",90.16%,"15,277",88.95%,"15,962",89.00%,"17,249",91.24%,"18,041",91.60%,"18,978",91.64%,"19,534",89.94%,"20,544",90.74%,"20,822",90.04%,"20,768",92.36%,"20,698",90.86%,"21,364",92.08%,"20,942",88.07%,"21,342",86.96%,"22,266",87.39%,"23,691",91.16%,"23,846",89.15%,"24,622",89.76%,-6.03%
UKJ11,"23,210",157.85%,"24,810",162.44%,"26,873",170.54%,"27,558",166.13%,"27,893",162.40%,"30,186",168.32%,"31,823",168.33%,"32,002",162.48%,"34,241",165.34%,"35,336",162.70%,"35,902",158.58%,"36,050",155.90%,"34,786",154.70%,"35,141",154.27%,"36,369",156.75%,"37,229",156.56%,"38,057",155.08%,"38,665",151.75%,"39,697",152.76%,"40,300",150.66%,"40,343",147.08%,-10.77%
UKI51,"11,348",77.18%,"11,882",77.80%,"12,514",79.41%,"13,044",78.64%,"13,318",77.54%,"13,711",76.45%,"14,400",76.17%,"14,892",75.61%,"15,619",75.42%,"16,382",75.43%,"17,352",76.64%,"17,289",74.77%,"16,567",73.68%,"16,594",72.85%,"16,873",72.72%,"17,404",73.19%,"18,088",73.71%,"18,662",73.24%,"18,399",70.80%,"18,136",67.80%,"18,751",68.36%,-8.82%
UKG31,"13,627",92.68%,"14,613",95.68%,"15,185",96.36%,"15,551",93.75%,"16,565",96.45%,"16,773",93.53%,"17,636",93.29%,"18,065",91.72%,"18,727",90.43%,"19,009",87.53%,"20,094",88.75%,"20,164",87.20%,"19,655",87.41%,"19,765",86.77%,"20,152",86.85%,"20,315",85.43%,"21,142",86.15%,"21,909",85.99%,"22,642",87.13%,"24,218",90.54%,"24,761",90.27%,-2.41%
UKD41,"11,694",79.53%,"11,998",78.56%,"12,444",78.97%,"12,729",76.74%,"12,526",72.93%,"13,056",72.80%,"13,682",72.37%,"14,758",74.93%,"15,189",73.34%,"15,352",70.69%,"16,549",73.10%,"17,004",73.53%,"15,885",70.64%,"15,486",67.98%,"16,318",70.33%,"16,998",71.48%,"17,895",72.92%,"18,986",74.51%,"18,985",73.06%,"20,008",74.80%,"20,566",74.98%,-4.55%
UKD42,"10,314",70.14%,"10,861",71.11%,"11,650",73.93%,"11,713",70.61%,"11,792",68.66%,"12,952",72.22%,"12,782",67.61%,"13,272",67.38%,"13,892",67.08%,"14,596",67.21%,"14,426",63.72%,"13,992",60.51%,"14,337",63.76%,"14,767",64.83%,"14,973",64.53%,"15,109",63.54%,"15,311",62.39%,"15,625",61.32%,"16,311",62.77%,"16,813",62.85%,"17,382",63.37%,-6.78%
UKK21,"14,151",96.24%,"14,562",95.34%,"15,027",95.36%,"15,964",96.24%,"16,390",95.43%,"16,692",93.07%,"18,013",95.28%,"18,178",92.29%,"19,800",95.61%,"20,671",95.18%,"21,255",93.88%,"21,585",93.34%,"22,162",98.56%,"20,907",91.78%,"21,109",90.98%,"21,700",91.25%,"22,637",92.24%,"23,263",91.30%,"23,745",91.37%,"24,785",92.66%,"25,504",92.98%,-3.26%
UKE41,"11,614",78.99%,"12,161",79.62%,"12,915",81.96%,"13,214",79.66%,"13,253",77.16%,"13,888",77.44%,"14,373",76.03%,"14,532",73.78%,"14,726",71.11%,"15,830",72.89%,"16,701",73.77%,"16,606",71.81%,"16,864",75.00%,"15,935",69.95%,"16,221",69.91%,"16,626",69.92%,"17,238",70.24%,"17,578",68.99%,"18,572",71.47%,"18,942",70.81%,"19,045",69.43%,-9.55%
UKH17,"12,027",81.79%,"12,163",79.64%,"12,494",79.29%,"12,901",77.77%,"13,255",77.18%,"13,603",75.85%,"14,243",75.34%,"14,770",74.99%,"15,281",73.79%,"15,954",73.46%,"16,039",70.84%,"16,697",72.21%,"16,396",72.92%,"17,324",76.05%,"17,848",76.92%,"18,954",79.71%,"19,067",77.69%,"20,022",78.58%,"20,369",78.38%,"20,520",76.71%,"20,422",74.45%,-7.34%
UKI72,"15,285",103.95%,"15,882",103.99%,"16,691",105.92%,"17,304",104.32%,"17,186",100.06%,"17,779",99.14%,"18,659",98.70%,"19,089",96.92%,"19,998",96.57%,"20,381",93.84%,"21,066",93.05%,"21,445",92.74%,"19,876",88.39%,"20,285",89.05%,"20,390",87.88%,"22,262",93.62%,"23,111",94.17%,"24,540",96.31%,"24,847",95.61%,"25,819",96.52%,"26,371",96.14%,-7.81%
UKJ21,"13,992",95.16%,"14,196",92.95%,"14,310",90.81%,"15,160",91.39%,"16,559",96.41%,"18,068",100.75%,"18,783",99.35%,"18,885",95.88%,"19,813",95.67%,"20,485",94.32%,"21,527",95.08%,"22,254",96.24%,"21,442",95.36%,"21,299",93.50%,"21,324",91.91%,"22,614",95.10%,"23,686",96.52%,"24,803",97.34%,"25,680",98.82%,"26,403",98.71%,"27,081",98.73%,3.57%
UKK11,"19,044",129.52%,"19,425",127.19%,"19,766",125.43%,"20,004",120.59%,"21,427",124.76%,"22,567",125.83%,"22,652",119.82%,"23,327",118.44%,"23,968",115.74%,"25,158",115.84%,"26,724",118.04%,"27,041",116.94%,"27,241",121.15%,"28,155",123.60%,"27,291",117.62%,"27,863",117.17%,"28,920",117.84%,"30,554",119.91%,"30,447",117.16%,"31,159",116.49%,"31,812",115.98%,-13.54%
UKI61,"14,609",99.35%,"15,495",101.45%,"16,193",102.76%,"16,947",102.16%,"17,316",100.82%,"18,041",100.60%,"19,298",102.08%,"20,185",102.48%,"21,106",101.92%,"22,069",101.62%,"23,126",102.15%,"21,721",93.93%,"20,766",92.35%,"20,029",87.93%,"20,015",86.26%,"20,830",87.59%,"20,919",85.24%,"21,973",86.24%,"21,768",83.76%,"22,227",83.09%,"22,449",81.84%,-17.51%
UKJ13,"18,033",122.64%,"19,046",124.70%,"19,173",121.67%,"20,394",122.94%,"20,457",119.11%,"20,921",116.66%,"21,867",115.67%,"23,039",116.97%,"23,200",112.03%,"23,668",108.98%,"24,367",107.63%,"25,573",110.59%,"24,992",111.14%,"25,227",110.75%,"25,574",110.22%,"26,800",112.70%,"27,408",111.68%,"28,080",110.20%,"29,330",112.86%,"29,949",111.96%,"29,923",109.09%,-13.55%
UKE44,"11,393",77.48%,"11,880",77.78%,"12,248",77.73%,"12,420",74.87%,"12,589",73.30%,"12,847",71.63%,"13,956",73.82%,"14,810",75.19%,"15,374",74.24%,"15,802",72.76%,"16,363",72.27%,"16,421",71.01%,"16,033",71.30%,"16,263",71.39%,"16,666",71.83%,"17,183",72.26%,"17,279",70.41%,"17,677",69.38%,"18,291",70.39%,"18,752",70.10%,"19,147",69.80%,-7.68%
UKH12,"15,579",105.95%,"15,999",104.75%,"16,795",106.58%,"17,756",107.04%,"18,789",109.40%,"19,194",107.03%,"19,620",103.78%,"20,280",102.97%,"21,305",102.88%,"23,217",106.90%,"24,222",106.99%,"24,660",106.64%,"23,514",104.57%,"24,156",106.05%,"24,894",107.29%,"26,293",110.57%,"26,794",109.18%,"27,718",108.78%,"28,596",110.04%,"29,337",109.68%,"29,935",109.13%,3.18%
UKI31,"123,598",840.57%,"130,321",853.28%,"128,444",815.10%,"138,171",832.96%,"139,014",809.40%,"146,732",818.18%,"160,528",849.13%,"172,912",877.90%,"194,355",938.50%,"205,307",945.33%,"233,412",1030.97%,"237,518",1027.15%,"250,092",1112.21%,"259,548",1139.42%,"268,892",1158.92%,"273,423",1149.80%,"280,168",1141.63%,"303,101",1189.56%,"298,818",1149.87%,"331,729",1240.15%,"336,296",1226.02%,385.44%
UKH25,"12,730",86.58%,"13,457",88.11%,"13,236",84.00%,"14,025",84.55%,"14,348",83.54%,"15,072",84.04%,"15,882",84.01%,"16,369",83.11%,"16,870",81.46%,"17,216",79.27%,"18,151",80.17%,"18,227",78.82%,"17,385",77.31%,"17,312",76.00%,"17,860",76.98%,"18,247",76.73%,"19,444",79.23%,"20,063",78.74%,"20,109",77.38%,"20,776",77.67%,"21,383",77.95%,-8.62%
UKJ36,"15,882",108.01%,"16,546",108.33%,"16,884",107.15%,"17,660",106.46%,"18,590",108.24%,"19,466",108.54%,"19,550",103.41%,"20,617",104.68%,"21,461",103.63%,"22,437",103.31%,"23,624",104.35%,"24,838",107.41%,"24,419",108.60%,"25,424",111.61%,"26,017",112.13%,"26,825",112.80%,"26,889",109.57%,"26,946",105.75%,"28,226",108.62%,"28,222",105.51%,"28,721",104.71%,-3.30%
UKD62,"16,510",112.28%,"17,183",112.51%,"17,791",112.90%,"17,632",106.29%,"20,279",118.07%,"21,070",117.49%,"21,796",115.29%,"22,455",114.01%,"23,071",111.41%,"25,053",115.36%,"26,335",116.32%,"26,002",112.45%,"25,842",114.92%,"25,921",113.79%,"26,156",112.73%,"28,364",119.28%,"30,811",125.55%,"31,077",121.97%,"32,321",124.37%,"33,997",127.10%,"34,593",126.11%,13.83%
UKD63,"15,357",104.44%,"16,005",104.79%,"16,778",106.47%,"16,653",100.39%,"18,795",109.43%,"19,678",109.72%,"20,389",107.85%,"21,207",107.67%,"22,036",106.41%,"24,068",110.82%,"25,564",112.92%,"25,215",109.04%,"25,738",114.46%,"24,983",109.68%,"24,630",106.15%,"25,624",107.75%,"25,652",104.53%,"27,387",107.48%,"27,111",104.33%,"28,447",106.35%,"29,238",106.59%,2.15%
UKD47,"11,755",79.94%,"11,998",78.56%,"12,293",78.01%,"12,625",76.11%,"13,035",75.90%,"13,941",77.74%,"14,862",78.61%,"15,752",79.98%,"16,230",78.37%,"16,639",76.61%,"17,368",76.71%,"17,224",74.49%,"16,711",74.32%,"16,917",74.27%,"16,990",73.23%,"17,380",73.09%,"17,555",71.53%,"18,306",71.84%,"18,257",70.25%,"18,990",70.99%,"18,928",69.00%,-10.94%
UKK30,"10,075",68.52%,"10,333",67.66%,"10,270",65.17%,"10,753",64.82%,"11,269",65.61%,"12,084",67.38%,"13,288",70.29%,"13,492",68.50%,"14,418",69.62%,"15,150",69.76%,"15,404",68.04%,"16,008",69.23%,"15,624",69.48%,"15,669",68.79%,"15,590",67.19%,"16,370",68.84%,"16,900",68.86%,"17,166",67.37%,"17,453",67.16%,"18,277",68.33%,"18,458",67.29%,-1.23%
UKG33,"15,125",102.86%,"15,297",100.16%,"15,920",101.03%,"16,363",98.64%,"16,832",98.00%,"17,717",98.79%,"18,254",96.56%,"19,157",97.26%,"20,518",99.08%,"20,173",92.89%,"20,047",88.55%,"19,720",85.28%,"19,143",85.13%,"19,425",85.28%,"19,522",84.14%,"20,551",86.42%,"21,785",88.77%,"23,059",90.50%,"23,725",91.30%,"24,188",90.43%,"24,500",89.32%,-13.54%
UKI62,"13,689",93.10%,"14,447",94.59%,"15,243",96.73%,"15,953",96.17%,"16,186",94.24%,"17,047",95.05%,"18,217",96.36%,"18,915",96.03%,"19,760",95.42%,"20,767",95.62%,"21,986",97.11%,"21,914",94.77%,"19,819",88.14%,"19,139",84.02%,"18,320",78.96%,"18,557",78.04%,"18,449",75.18%,"19,356",75.97%,"18,790",72.31%,"19,210",71.82%,"20,048",73.09%,-20.01%
UKC13,"13,194",89.73%,"13,589",88.97%,"14,227",90.28%,"14,600",88.02%,"15,951",92.87%,"17,346",96.72%,"18,991",100.45%,"19,587",99.45%,"18,872",91.13%,"20,223",93.12%,"21,041",92.94%,"21,446",92.74%,"20,609",91.65%,"22,241",97.64%,"22,509",97.01%,"22,399",94.19%,"21,887",89.19%,"24,273",95.26%,"25,330",97.47%,"24,193",90.44%,"24,908",90.81%,1.08%
UKF11,"15,015",102.12%,"15,285",100.08%,"16,987",107.80%,"17,409",104.95%,"17,872",104.06%,"18,861",105.17%,"18,499",97.85%,"19,795",100.50%,"21,365",103.17%,"21,813",100.44%,"22,455",99.18%,"22,901",99.04%,"22,130",98.42%,"23,223",101.95%,"24,135",104.02%,"24,993",105.10%,"26,144",106.53%,"26,011",102.08%,"26,478",101.89%,"26,820",100.27%,"27,880",101.64%,-0.47%
UKK43,"11,849",80.58%,"11,929",78.11%,"12,613",80.04%,"12,837",77.39%,"13,455",78.34%,"14,443",80.53%,"15,250",80.67%,"16,304",82.78%,"16,919",81.70%,"17,941",82.61%,"18,192",80.35%,"18,708",80.90%,"18,667",83.02%,"18,958",83.23%,"18,387",79.25%,"18,554",78.02%,"19,724",80.37%,"20,148",79.07%,"20,857",80.26%,"21,811",81.54%,"21,781",79.41%,-1.18%
UKK22,"12,137",82.54%,"12,416",81.29%,"13,431",85.23%,"13,922",83.93%,"13,963",81.30%,"14,135",78.82%,"14,627",77.37%,"15,086",76.59%,"15,933",76.94%,"16,299",75.05%,"16,928",74.77%,"18,056",78.08%,"17,542",78.01%,"17,456",76.63%,"17,784",76.65%,"18,165",76.39%,"18,319",74.65%,"19,501",76.53%,"19,335",74.40%,"19,746",73.82%,"20,234",73.77%,-8.78%
UKG36,"11,302",76.86%,"11,853",77.61%,"12,000",76.15%,"12,435",74.96%,"12,634",73.56%,"13,573",75.68%,"13,363",70.69%,"13,867",70.41%,"14,581",70.41%,"15,075",69.41%,"15,595",68.88%,"15,519",67.11%,"14,433",64.19%,"14,298",62.77%,"14,393",62.03%,"14,648",61.60%,"14,742",60.07%,"15,455",60.66%,"15,979",61.49%,"16,399",61.31%,"17,033",62.10%,-14.77%
UKC14,"9,270",63.04%,"9,485",62.10%,"9,590",60.86%,"10,061",60.65%,"10,345",60.23%,"11,054",61.64%,"11,724",62.02%,"12,173",61.80%,"12,450",60.12%,"13,428",61.83%,"13,695",60.49%,"14,203",61.42%,"14,117",62.78%,"14,532",63.80%,"14,305",61.65%,"14,659",61.64%,"15,346",62.53%,"15,588",61.18%,"16,328",62.83%,"16,237",60.70%,"16,718",60.95%,-2.10%
UKI73,"16,026",108.99%,"16,875",110.49%,"17,722",112.46%,"18,500",111.53%,"18,444",107.39%,"18,934",105.58%,"19,843",104.96%,"20,202",102.57%,"20,928",101.06%,"21,484",98.92%,"22,391",98.90%,"22,180",95.92%,"20,052",89.18%,"20,456",89.80%,"21,839",94.13%,"23,111",97.19%,"24,159",98.44%,"25,958",101.88%,"26,019",100.12%,"27,058",101.16%,"28,385",103.48%,-5.51%
UKD12,"13,186",89.68%,"13,842",90.63%,"13,880",88.08%,"14,411",86.88%,"14,789",86.11%,"15,787",88.03%,"17,530",92.73%,"17,606",89.39%,"17,774",85.83%,"19,522",89.89%,"20,010",88.38%,"21,194",91.65%,"19,623",87.27%,"20,442",89.74%,"19,987",86.14%,"21,002",88.32%,"22,353",91.08%,"23,466",92.10%,"24,567",94.54%,"23,910",89.39%,"24,265",88.46%,-1.21%
UKF12,"9,308",63.30%,"9,622",63.00%,"10,017",63.57%,"10,079",60.76%,"10,486",61.05%,"11,170",62.28%,"11,806",62.45%,"12,064",61.25%,"12,867",62.13%,"13,802",63.55%,"14,356",63.41%,"14,379",62.18%,"13,773",61.25%,"14,433",63.36%,"15,871",68.40%,"16,232",68.26%,"17,254",70.31%,"17,813",69.91%,"18,238",70.18%,"18,473",69.06%,"18,675",68.08%,4.78%
UKJ44,"12,021",81.75%,"12,339",80.79%,"12,533",79.53%,"12,722",76.69%,"13,290",77.38%,"14,072",78.47%,"14,846",78.53%,"15,138",76.86%,"16,144",77.96%,"16,843",77.55%,"17,503",77.31%,"18,619",80.52%,"17,505",77.85%,"17,544",77.02%,"17,746",76.48%,"17,726",74.54%,"17,960",73.18%,"17,963",70.50%,"18,144",69.82%,"18,370",68.68%,"19,048",69.44%,-12.31%
UKD46,"11,435",77.77%,"11,692",76.55%,"11,909",75.57%,"12,277",74.01%,"12,453",72.51%,"13,147",73.31%,"13,838",73.20%,"14,782",75.05%,"15,453",74.62%,"15,715",72.36%,"16,502",72.89%,"16,124",69.73%,"15,052",66.94%,"15,524",68.15%,"15,695",67.65%,"16,612",69.86%,"17,238",70.24%,"17,823",69.95%,"17,419",67.03%,"18,264",68.28%,"18,667",68.05%,-9.71%
UKD71,"10,185",69.27%,"10,859",71.10%,"11,370",72.15%,"12,023",72.48%,"13,006",75.73%,"13,798",76.94%,"14,554",76.98%,"15,045",76.39%,"15,665",75.64%,"16,900",77.82%,"17,319",76.50%,"18,444",79.76%,"18,310",81.43%,"19,282",84.65%,"19,750",85.12%,"18,836",79.21%,"19,657",80.10%,"21,120",82.89%,"22,110",85.08%,"21,707",81.15%,"22,272",81.20%,11.93%
UKE12,"11,806",80.29%,"12,018",78.69%,"11,661",74.00%,"12,186",73.46%,"12,736",74.15%,"13,648",76.10%,"14,190",75.06%,"15,410",78.24%,"15,430",74.51%,"15,775",72.64%,"16,128",71.24%,"16,526",71.47%,"17,335",77.09%,"16,635",73.03%,"16,202",69.83%,"16,977",71.39%,"17,160",69.92%,"17,544",68.85%,"18,201",70.04%,"18,975",70.94%,"18,993",69.24%,-11.05%
UKJ26,"17,886",121.64%,"19,058",124.78%,"20,620",130.85%,"21,714",130.90%,"22,183",129.16%,"23,244",129.61%,"24,213",128.08%,"24,348",123.62%,"25,432",122.81%,"27,252",125.48%,"28,467",125.74%,"28,976",125.31%,"27,574",122.63%,"27,449",120.50%,"27,373",117.98%,"29,003",121.96%,"29,968",122.11%,"30,094",118.11%,"30,548",117.55%,"30,502",114.03%,"30,725",112.01%,-9.63%
UKJ22,"11,885",80.83%,"11,774",77.09%,"11,883",75.41%,"12,493",75.31%,"13,027",75.85%,"13,613",75.91%,"13,949",73.78%,"14,393",73.08%,"14,787",71.40%,"15,679",72.19%,"15,682",69.27%,"16,788",72.60%,"15,951",70.94%,"16,105",70.70%,"16,195",69.80%,"16,764",70.50%,"17,067",69.54%,"17,597",69.06%,"18,790",72.31%,"18,941",70.81%,"19,321",70.44%,-10.39%
UKI54,"12,539",85.28%,"13,201",86.43%,"13,564",86.08%,"13,940",84.04%,"14,156",82.42%,"14,669",81.79%,"15,621",82.63%,"16,348",83.00%,"17,120",82.67%,"17,835",82.12%,"18,822",83.14%,"18,532",80.14%,"17,525",77.94%,"17,654",77.50%,"17,550",75.64%,"18,434",77.52%,"18,726",76.30%,"18,957",74.40%,"18,928",72.84%,"18,798",70.28%,"19,822",72.26%,-13.01%
UKH34,"12,109",82.35%,"12,429",81.38%,"12,451",79.01%,"13,137",79.20%,"13,842",80.59%,"14,318",79.84%,"15,613",82.59%,"15,844",80.44%,"16,336",78.88%,"17,247",79.41%,"17,955",79.31%,"17,976",77.74%,"16,994",75.58%,"17,675",77.59%,"17,822",76.81%,"18,017",75.77%,"18,418",75.05%,"19,457",76.36%,"19,583",75.36%,"19,649",73.46%,"20,357",74.21%,-8.14%
UKH37,"11,834",80.48%,"12,173",79.70%,"12,168",77.22%,"12,911",77.83%,"13,558",78.94%,"14,020",78.18%,"15,266",80.75%,"15,587",79.14%,"16,126",77.87%,"17,047",78.49%,"17,882",78.98%,"18,084",78.20%,"17,166",76.34%,"17,496",76.81%,"17,717",76.36%,"18,152",76.33%,"18,609",75.83%,"19,124",75.05%,"19,849",76.38%,"19,101",71.41%,"19,629",71.56%,-8.92%
UKK13,"14,347",97.57%,"14,735",96.48%,"15,232",96.66%,"16,175",97.51%,"16,670",97.06%,"17,663",98.49%,"19,152",101.31%,"20,120",102.15%,"20,126",97.18%,"20,465",94.23%,"21,705",95.87%,"21,650",93.63%,"21,576",95.95%,"22,245",97.66%,"22,491",96.94%,"23,246",97.75%,"23,928",97.50%,"25,340",99.45%,"25,626",98.61%,"25,864",96.69%,"26,712",97.38%,-0.19%
UKD37,"10,023",68.17%,"10,510",68.81%,"10,960",69.55%,"10,993",66.27%,"11,393",66.33%,"11,869",66.18%,"12,640",66.86%,"12,868",65.33%,"13,655",65.94%,"14,449",66.53%,"14,776",65.27%,"14,704",63.59%,"14,295",63.57%,"14,373",63.10%,"14,528",62.62%,"15,162",63.76%,"15,469",63.03%,"15,706",61.64%,"16,591",63.84%,"17,071",63.82%,"17,190",62.67%,-5.50%
UKD36,"9,909",67.39%,"10,399",68.09%,"10,850",68.85%,"10,924",65.85%,"11,313",65.87%,"11,743",65.48%,"12,414",65.67%,"12,698",64.47%,"13,508",65.23%,"14,261",65.66%,"14,648",64.70%,"14,782",63.92%,"14,214",63.21%,"14,322",62.87%,"14,224",61.31%,"14,791",62.20%,"15,125",61.63%,"15,313",60.10%,"15,908",61.22%,"16,635",62.19%,"16,960",61.83%,-5.56%
UKD35,"12,292",83.60%,"13,051",85.45%,"13,899",88.20%,"14,606",88.05%,"15,369",89.48%,"16,155",90.08%,"16,658",88.11%,"17,589",89.30%,"18,085",87.33%,"18,983",87.41%,"19,626",86.69%,"19,885",85.99%,"19,800",88.05%,"19,704",86.50%,"19,606",84.50%,"20,173",84.83%,"19,947",81.28%,"19,393",76.11%,"19,538",75.18%,"20,104",75.16%,"20,399",74.37%,-9.23%
UKD34,"14,681",99.84%,"15,722",102.94%,"16,737",106.21%,"17,339",104.53%,"18,748",109.16%,"19,679",109.73%,"20,495",108.41%,"21,969",111.54%,"22,528",108.78%,"24,012",110.56%,"24,640",108.83%,"24,677",106.72%,"24,828",110.42%,"24,847",109.08%,"24,745",106.65%,"25,510",107.28%,"26,679",108.71%,"26,880",105.49%,"27,842",107.14%,"28,937",108.18%,"29,443",107.34%,7.50%
UKI41,"14,049",95.55%,"14,653",95.94%,"15,038",95.43%,"16,131",97.24%,"16,561",96.43%,"16,824",93.81%,"17,632",93.27%,"18,641",94.64%,"19,883",96.01%,"20,371",93.80%,"21,655",95.65%,"21,211",91.73%,"20,845",92.70%,"20,951",91.98%,"21,693",93.50%,"22,977",96.62%,"22,799",92.90%,"22,981",90.19%,"22,737",87.49%,"23,646",88.40%,"24,659",89.90%,-5.65%
UKI43,"24,638",167.56%,"26,285",172.10%,"27,750",176.10%,"30,411",183.33%,"31,533",183.60%,"32,366",180.47%,"34,303",181.45%,"36,463",185.13%,"38,963",188.15%,"39,552",182.12%,"42,883",189.41%,"44,671",193.18%,"42,172",187.55%,"42,546",186.78%,"43,262",186.46%,"43,683",183.70%,"44,060",179.54%,"45,278",177.70%,"45,400",174.70%,"46,408",173.49%,"47,272",172.34%,4.78%
UKI74,"20,499",139.41%,"21,939",143.65%,"23,188",147.15%,"24,350",146.79%,"24,418",142.17%,"25,197",140.50%,"26,646",140.95%,"27,121",137.70%,"27,883",134.64%,"28,358",130.57%,"29,631",130.88%,"29,642",128.19%,"27,026",120.19%,"27,441",120.47%,"27,275",117.55%,"28,589",120.22%,"30,309",123.50%,"33,805",132.67%,"32,983",126.92%,"32,857",122.83%,"34,208",124.71%,-14.70%
UKC11,"11,979",81.47%,"12,254",80.23%,"12,937",82.10%,"13,053",78.69%,"13,098",76.26%,"13,673",76.24%,"14,650",77.49%,"15,832",80.38%,"16,674",80.52%,"17,150",78.97%,"17,284",76.34%,"17,508",75.71%,"17,649",78.49%,"17,376",76.28%,"17,627",75.97%,"17,729",74.55%,"18,182",74.09%,"19,756",77.54%,"19,533",75.16%,"19,363",72.39%,"20,005",72.93%,-8.54%
UKH36,"13,578",92.34%,"13,985",91.57%,"13,986",88.75%,"14,781",89.11%,"15,759",91.76%,"16,381",91.34%,"17,955",94.97%,"18,140",92.10%,"18,864",91.09%,"20,143",92.75%,"21,240",93.82%,"21,379",92.45%,"21,335",94.88%,"21,254",93.31%,"21,496",92.65%,"21,714",91.31%,"22,280",90.79%,"23,212",91.10%,"24,246",93.30%,"24,664",92.21%,"25,854",94.25%,1.91%
UKG11,"12,494",84.97%,"12,343",80.82%,"13,242",84.03%,"13,782",83.08%,"13,790",80.29%,"13,970",77.90%,"15,355",81.22%,"15,814",80.29%,"16,619",80.25%,"17,591",81.00%,"17,861",78.89%,"18,411",79.62%,"17,188",76.44%,"17,288",75.89%,"18,279",78.78%,"19,104",80.34%,"19,256",78.46%,"19,912",78.15%,"19,876",76.48%,"19,529",73.01%,"20,301",74.01%,-10.96%
UKH23,"17,422",118.48%,"18,553",121.48%,"19,510",123.81%,"20,705",124.82%,"21,309",124.07%,"21,983",122.58%,"23,170",122.56%,"23,481",119.22%,"24,982",120.63%,"25,233",116.18%,"25,658",113.33%,"27,212",117.68%,"26,118",116.15%,"25,733",112.97%,"25,480",109.82%,"25,914",108.97%,"27,171",110.72%,"28,412",111.51%,"29,221",112.44%,"30,514",114.08%,"31,761",115.79%,-2.70%
UKI75,"19,106",129.94%,"20,481",134.10%,"21,741",137.97%,"23,161",139.63%,"23,180",134.96%,"24,136",134.58%,"25,168",133.13%,"25,587",129.91%,"26,308",127.04%,"27,349",125.93%,"29,034",128.24%,"30,097",130.15%,"28,002",124.53%,"28,458",124.93%,"29,239",126.02%,"31,327",131.74%,"33,419",136.18%,"36,430",142.97%,"39,206",150.87%,"41,344",154.56%,"41,612",151.70%,21.77%
UKJ34,"10,874",73.95%,"10,840",70.97%,"11,239",71.32%,"12,603",75.98%,"13,109",76.33%,"13,236",73.80%,"13,489",71.35%,"13,539",68.74%,"14,437",69.71%,"15,397",70.90%,"15,465",68.31%,"16,792",72.62%,"15,905",70.73%,"16,144",70.87%,"16,585",71.48%,"16,886",71.01%,"17,312",70.54%,"18,494",72.58%,"19,397",74.64%,"19,582",73.21%,"19,911",72.59%,-1.36%
UKI33,"32,879",223.61%,"34,943",228.79%,"35,707",226.60%,"38,097",229.67%,"38,646",225.01%,"39,701",221.37%,"41,579",219.94%,"43,439",220.55%,"45,722",220.78%,"47,309",217.83%,"51,768",228.66%,"54,801",236.99%,"52,932",235.40%,"55,985",245.77%,"58,542",252.31%,"61,805",259.90%,"63,536",258.90%,"64,557",253.36%,"65,664",252.68%,"69,379",259.37%,"74,035",269.91%,46.30%
UKJ43,"12,748",86.70%,"13,035",85.35%,"13,355",84.75%,"13,298",80.17%,"13,700",79.77%,"14,454",80.60%,"15,614",82.59%,"15,900",80.73%,"17,008",82.13%,"17,295",79.63%,"17,831",78.76%,"18,723",80.97%,"17,381",77.30%,"17,737",77.87%,"18,069",77.88%,"18,953",79.70%,"19,519",79.54%,"20,088",78.84%,"21,275",81.87%,"21,422",80.09%,"21,641",78.90%,-7.80%
UKE11,"11,333",77.07%,"11,572",75.77%,"11,736",74.48%,"13,036",78.59%,"13,235",77.06%,"14,258",79.50%,"15,689",82.99%,"16,219",82.35%,"16,601",80.16%,"17,615",81.11%,"18,616",82.23%,"18,328",79.26%,"19,344",86.03%,"18,510",81.26%,"18,882",81.38%,"19,284",81.09%,"19,437",79.20%,"19,619",77.00%,"20,185",77.67%,"20,865",78.00%,"21,217",77.35%,0.28%
UKI45,"16,163",109.92%,"17,145",112.26%,"17,902",113.61%,"19,454",117.28%,"20,043",116.70%,"20,832",116.16%,"22,096",116.88%,"23,193",117.75%,"24,569",118.64%,"24,942",114.84%,"27,245",120.34%,"29,857",129.12%,"28,732",127.78%,"28,945",127.07%,"29,831",128.57%,"30,987",130.31%,"30,946",126.10%,"33,523",131.57%,"34,126",131.32%,"33,456",125.07%,"34,935",127.36%,17.44%
UKD44,"10,967",74.59%,"11,374",74.47%,"11,708",74.30%,"11,886",71.65%,"12,292",71.57%,"12,871",71.77%,"14,011",74.11%,"15,110",76.72%,"15,419",74.46%,"16,055",73.92%,"16,856",74.45%,"17,132",74.09%,"16,293",72.46%,"16,244",71.31%,"16,144",69.58%,"16,520",69.47%,"16,939",69.02%,"17,729",69.58%,"18,161",69.88%,"18,338",68.56%,"18,559",67.66%,-6.93%
UKE42,"15,114",102.79%,"15,960",104.50%,"16,716",106.08%,"17,396",104.87%,"18,318",106.66%,"19,326",107.76%,"20,672",109.35%,"21,968",111.54%,"23,136",111.72%,"24,255",111.68%,"25,199",111.30%,"25,792",111.54%,"25,325",112.63%,"24,926",109.43%,"25,794",111.17%,"25,563",107.50%,"26,495",107.96%,"27,024",106.06%,"28,310",108.94%,"29,052",108.61%,"29,823",108.72%,5.94%
UKF21,"13,962",94.95%,"14,402",94.30%,"14,894",94.52%,"15,533",93.64%,"15,993",93.12%,"16,840",93.90%,"17,818",94.25%,"18,149",92.15%,"18,399",88.85%,"19,234",88.56%,"18,915",83.55%,"19,238",83.19%,"18,746",83.37%,"18,636",81.81%,"18,911",81.51%,"19,845",83.45%,"20,216",82.38%,"21,209",83.24%,"22,009",84.69%,"22,184",82.93%,"21,914",79.89%,-15.06%
UKF22,"14,064",95.65%,"14,357",94.00%,"13,550",85.99%,"14,364",86.59%,"14,789",86.11%,"15,092",84.15%,"16,361",86.54%,"17,088",86.76%,"17,975",86.80%,"19,092",87.91%,"20,141",88.96%,"20,169",87.22%,"19,398",86.27%,"19,835",87.08%,"19,746",85.10%,"20,432",85.92%,"21,139",86.14%,"22,460",88.15%,"22,672",87.24%,"23,411",87.52%,"23,900",87.13%,-8.52%
UKI44,"17,903",121.76%,"18,816",123.20%,"19,615",124.48%,"21,346",128.68%,"22,055",128.41%,"22,778",127.01%,"24,069",127.32%,"25,102",127.45%,"26,830",129.56%,"27,446",126.37%,"29,812",131.68%,"30,539",132.07%,"29,065",129.26%,"31,435",138.00%,"32,076",138.25%,"33,076",139.09%,"32,961",134.31%,"33,559",131.71%,"34,040",130.99%,"34,239",128.00%,"35,090",127.93%,6.17%
UKF30,"12,091",82.23%,"12,488",81.77%,"12,324",78.21%,"12,579",75.83%,"13,424",78.16%,"13,931",77.68%,"14,900",78.82%,"14,376",72.99%,"14,763",71.29%,"15,638",72.00%,"16,192",71.52%,"16,796",72.63%,"15,912",70.76%,"16,583",72.80%,"16,861",72.67%,"17,344",72.94%,"18,126",73.86%,"18,785",73.72%,"18,610",71.61%,"18,533",69.28%,"18,959",69.12%,-13.11%
UKD72,"11,876",80.77%,"12,958",84.84%,"13,895",88.18%,"14,661",88.38%,"14,996",87.31%,"16,127",89.92%,"17,457",92.34%,"17,871",90.73%,"18,494",89.30%,"20,634",95.01%,"21,027",92.88%,"21,928",94.83%,"24,009",106.77%,"23,144",101.60%,"22,093",95.22%,"21,771",91.55%,"21,885",89.18%,"22,846",89.66%,"23,218",89.34%,"22,875",85.52%,"23,368",85.19%,4.42%
UKH21,"14,184",96.46%,"14,535",95.17%,"15,552",98.69%,"15,805",95.28%,"16,847",98.09%,"17,726",98.84%,"18,754",99.20%,"18,427",93.56%,"20,256",97.81%,"22,277",102.57%,"23,984",105.94%,"25,804",111.59%,"23,455",104.31%,"21,990",96.54%,"21,139",91.11%,"20,618",86.70%,"21,084",85.91%,"22,198",87.12%,"23,147",89.07%,"24,293",90.82%,"26,083",95.09%,-1.37%
UKD33,"16,936",115.18%,"18,245",119.46%,"19,390",123.05%,"19,641",118.40%,"21,626",125.92%,"22,801",127.14%,"23,478",124.19%,"25,215",128.02%,"25,725",124.22%,"27,529",126.76%,"28,340",125.18%,"27,960",120.91%,"28,696",127.62%,"28,634",125.70%,"27,953",120.48%,"28,936",121.68%,"30,629",124.81%,"31,376",123.14%,"31,927",122.86%,"34,358",128.45%,"35,410",129.09%,13.91%
UKJ41,"10,490",71.34%,"10,801",70.72%,"11,313",71.79%,"11,821",71.26%,"12,156",70.78%,"13,036",72.69%,"13,778",72.88%,"13,898",70.56%,"14,780",71.37%,"15,505",71.39%,"15,353",67.81%,"15,830",68.46%,"15,355",68.29%,"15,576",68.38%,"15,346",66.14%,"16,381",68.89%,"16,971",69.15%,"16,987",66.67%,"18,520",71.27%,"18,770",70.17%,"19,115",69.69%,-1.65%
UKI63,"14,223",96.73%,"14,981",98.09%,"15,733",99.84%,"16,528",99.64%,"16,607",96.69%,"17,349",96.74%,"18,438",97.53%,"19,057",96.76%,"19,926",96.22%,"20,841",95.96%,"22,363",98.78%,"22,840",98.77%,"21,215",94.35%,"21,937",96.30%,"22,282",96.03%,"23,267",97.84%,"23,640",96.33%,"24,682",96.87%,"23,537",90.57%,"24,415",91.27%,"24,901",90.78%,-5.95%
UKJ45,"14,286",97.16%,"14,777",96.75%,"15,144",96.10%,"15,386",92.75%,"15,970",92.98%,"16,991",94.74%,"18,258",96.58%,"18,673",94.81%,"20,028",96.71%,"20,475",94.28%,"21,304",94.10%,"22,174",95.89%,"21,277",94.62%,"21,479",94.29%,"21,463",92.50%,"22,011",92.56%,"22,123",90.15%,"22,091",86.70%,"22,960",88.35%,"24,015",89.78%,"24,205",88.24%,-8.91%
UKD45,"15,217",103.49%,"15,698",102.78%,"16,011",101.61%,"16,417",98.97%,"16,806",97.85%,"17,814",99.33%,"18,740",99.13%,"19,812",100.59%,"20,621",99.58%,"21,181",97.53%,"22,455",99.18%,"22,897",99.02%,"22,751",101.18%,"23,082",101.33%,"22,849",98.48%,"23,439",98.57%,"24,579",100.15%,"24,758",97.17%,"28,703",110.45%,"30,805",115.16%,"31,742",115.72%,12.23%
UKJ12,"21,473",146.04%,"22,109",144.76%,"22,870",145.13%,"23,942",144.33%,"25,128",146.31%,"26,863",149.79%,"29,403",155.53%,"29,580",150.18%,"29,255",141.27%,"30,616",140.97%,"32,918",145.40%,"34,788",150.44%,"33,017",146.83%,"34,346",150.78%,"35,843",154.48%,"36,120",151.89%,"37,000",150.77%,"39,675",155.71%,"42,253",162.59%,"46,070",172.23%,"46,074",167.97%,21.93%
UKE13,"14,373",97.75%,"14,985",98.11%,"14,157",89.84%,"14,066",84.80%,"14,583",84.91%,"15,771",87.94%,"16,714",88.41%,"16,759",85.09%,"17,984",86.84%,"18,568",85.50%,"20,310",89.71%,"19,956",86.30%,"21,680",96.42%,"20,748",91.08%,"20,994",90.48%,"20,152",84.74%,"19,765",80.54%,"20,955",82.24%,"22,718",87.42%,"22,399",83.74%,"22,404",81.68%,-16.07%
UKH16,"12,272",83.46%,"12,390",81.12%,"13,009",82.55%,"13,515",81.47%,"14,031",81.69%,"14,492",80.81%,"15,063",79.68%,"15,659",79.50%,"16,225",78.35%,"16,515",76.04%,"16,572",73.20%,"17,184",74.31%,"16,740",74.45%,"17,126",75.18%,"17,438",75.16%,"18,238",76.69%,"18,589",75.75%,"19,199",75.35%,"19,496",75.02%,"20,364",76.13%,"20,680",75.39%,-8.07%
UKJ37,"16,405",111.57%,"17,094",111.92%,"17,674",112.16%,"18,722",112.86%,"19,505",113.57%,"20,928",116.69%,"21,036",111.27%,"22,572",114.60%,"23,538",113.66%,"24,473",112.69%,"26,395",116.59%,"27,217",117.70%,"26,123",116.17%,"26,589",116.73%,"26,863",115.78%,"27,090",113.92%,"28,715",117.01%,"29,837",117.10%,"30,002",115.45%,"30,024",112.24%,"29,650",108.09%,-3.47%
UKF25,"13,038",88.67%,"13,243",86.71%,"13,937",88.44%,"14,628",88.18%,"14,689",85.53%,"14,899",83.08%,"15,746",83.29%,"16,119",81.84%,"16,575",80.04%,"17,665",81.34%,"18,460",81.54%,"19,130",82.73%,"17,996",80.03%,"18,711",82.14%,"18,453",79.53%,"17,896",75.26%,"19,305",78.66%,"19,050",74.76%,"19,467",74.91%,"20,581",76.94%,"21,093",76.90%,-11.77%
UKF15,"10,635",72.33%,"11,140",72.94%,"11,555",73.33%,"11,869",71.55%,"11,994",69.83%,"12,437",69.35%,"12,917",68.33%,"13,476",68.42%,"14,593",70.47%,"15,333",70.60%,"15,961",70.50%,"16,349",70.70%,"15,345",68.24%,"15,795",69.34%,"16,848",72.61%,"16,954",71.30%,"17,047",69.46%,"17,952",70.46%,"18,002",69.27%,"18,492",69.13%,"18,816",68.60%,-3.73%
UKE22,"13,204",89.80%,"13,468",88.18%,"13,624",86.46%,"14,475",87.26%,"15,038",87.56%,"16,564",92.36%,"17,690",93.57%,"17,889",90.83%,"18,488",89.28%,"18,942",87.22%,"19,805",87.48%,"20,113",86.98%,"19,233",85.53%,"19,448",85.38%,"20,079",86.54%,"20,421",85.87%,"21,455",87.43%,"21,923",86.04%,"21,898",84.27%,"22,430",83.85%,"22,915",83.54%,-6.26%
UKC21,"10,087",68.60%,"10,187",66.70%,"9,813",62.27%,"10,346",62.37%,"10,694",62.26%,"11,727",65.39%,"12,308",65.10%,"12,671",64.33%,"13,358",64.50%,"13,889",63.95%,"14,073",62.16%,"14,400",62.27%,"13,825",61.48%,"13,835",60.74%,"14,251",61.42%,"14,490",60.93%,"15,036",61.27%,"16,099",63.18%,"16,274",62.62%,"16,322",61.02%,"16,588",60.47%,-8.13%
UKH15,"13,800",93.85%,"14,288",93.55%,"14,808",93.97%,"15,117",91.13%,"15,686",91.33%,"16,253",90.63%,"17,296",91.49%,"18,538",94.12%,"19,943",96.30%,"21,279",97.98%,"21,244",93.83%,"21,014",90.88%,"21,128",93.96%,"20,228",88.80%,"20,236",87.22%,"21,291",89.53%,"21,599",88.01%,"22,164",86.99%,"22,245",85.60%,"23,270",86.99%,"22,926",83.58%,-10.27%
UKF14,"18,373",124.95%,"19,144",125.35%,"18,759",119.04%,"19,394",116.92%,"20,829",121.28%,"21,235",118.41%,"21,310",112.72%,"22,947",116.51%,"23,925",115.53%,"23,756",109.38%,"24,562",108.49%,"25,755",111.38%,"25,797",114.72%,"25,942",113.89%,"26,076",112.39%,"25,987",109.28%,"25,942",105.71%,"27,015",106.02%,"27,477",105.73%,"28,376",106.08%,"29,487",107.50%,-17.45%
UKJ14,"17,081",116.17%,"17,945",117.49%,"18,887",119.86%,"19,832",119.56%,"20,496",119.34%,"21,948",122.38%,"23,206",122.75%,"23,279",118.19%,"24,052",116.14%,"24,595",113.25%,"25,456",112.44%,"26,441",114.34%,"26,141",116.25%,"26,797",117.64%,"27,546",118.72%,"28,549",120.05%,"29,756",121.25%,"30,920",121.35%,"32,563",125.30%,"33,709",126.02%,"34,103",124.33%,8.16%
UKH11,"16,565",112.66%,"16,902",110.67%,"17,668",112.12%,"17,874",107.75%,"18,267",106.36%,"19,341",107.85%,"20,497",108.42%,"21,923",111.31%,"22,561",108.94%,"24,455",112.60%,"25,716",113.59%,"24,757",107.06%,"24,471",108.83%,"24,587",107.94%,"24,224",104.40%,"25,565",107.51%,"25,960",105.78%,"27,172",106.64%,"27,520",105.90%,"28,527",106.65%,"29,023",105.81%,-6.85%
UKK41,"12,304",83.68%,"12,717",83.26%,"13,068",82.93%,"13,794",83.16%,"14,201",82.68%,"14,541",81.08%,"15,083",79.78%,"16,014",81.31%,"16,567",80.00%,"17,457",80.38%,"18,041",79.69%,"17,889",77.36%,"17,299",76.93%,"17,875",78.47%,"17,969",77.45%,"18,920",79.56%,"19,736",80.42%,"19,899",78.10%,"19,830",76.31%,"20,387",76.22%,"20,657",75.31%,-8.37%
UKJ31,"17,073",116.11%,"17,860",116.94%,"17,860",113.34%,"18,654",112.45%,"20,383",118.68%,"21,442",119.56%,"21,201",112.14%,"21,926",111.32%,"21,963",106.06%,"22,507",103.63%,"24,027",106.13%,"24,554",106.18%,"24,215",107.69%,"25,444",111.70%,"23,777",102.48%,"24,886",104.65%,"25,712",104.77%,"26,137",102.58%,"26,149",100.62%,"26,333",98.44%,"26,951",98.25%,-17.86%
UKI53,"10,458",71.12%,"10,893",71.32%,"11,399",72.34%,"11,835",71.35%,"12,228",71.20%,"12,705",70.84%,"13,465",71.22%,"13,992",71.04%,"14,661",70.80%,"15,205",70.01%,"15,742",69.53%,"15,863",68.60%,"14,511",64.53%,"14,555",63.90%,"14,866",64.07%,"16,000",67.28%,"16,515",67.30%,"17,105",67.13%,"16,935",65.17%,"16,956",63.39%,"17,599",64.16%,-6.96%
UKG37,"12,837",87.30%,"13,398",87.72%,"13,074",82.97%,"13,623",82.13%,"13,807",80.39%,"14,540",81.08%,"14,402",76.18%,"14,917",75.74%,"15,454",74.62%,"16,140",74.32%,"16,917",74.72%,"16,740",72.39%,"15,955",70.96%,"16,200",71.12%,"16,103",69.40%,"17,071",71.79%,"17,348",70.69%,"18,485",72.55%,"18,074",69.55%,"18,980",70.96%,"19,198",69.99%,-17.31%
UKD73,"9,811",66.72%,"10,358",67.82%,"10,986",69.72%,"11,354",68.45%,"11,710",68.18%,"12,991",72.44%,"12,932",68.41%,"14,009",71.13%,"13,899",67.12%,"14,859",68.42%,"14,919",65.90%,"15,120",65.39%,"15,028",66.83%,"15,072",66.17%,"14,877",64.12%,"14,347",60.33%,"14,553",59.30%,"14,635",57.44%,"15,163",58.35%,"15,556",58.16%,"15,795",57.58%,-9.14%
UKE32,"11,995",81.58%,"12,718",83.27%,"12,649",80.27%,"13,124",79.12%,"14,154",82.41%,"15,230",84.92%,"15,840",83.79%,"16,678",84.68%,"17,234",83.22%,"17,884",82.35%,"19,094",84.34%,"18,967",82.02%,"19,058",84.75%,"18,978",83.31%,"19,022",81.98%,"19,424",81.68%,"19,687",80.22%,"19,861",77.95%,"20,565",79.14%,"21,143",79.04%,"21,413",78.06%,-3.51%
UKG22,"11,817",80.37%,"12,382",81.07%,"12,872",81.69%,"12,887",77.69%,"13,158",76.61%,"14,062",78.41%,"15,468",81.82%,"16,169",82.09%,"16,404",79.21%,"16,478",75.87%,"16,733",73.91%,"17,812",77.03%,"17,610",78.32%,"17,664",77.55%,"18,000",77.58%,"18,475",77.69%,"19,169",78.11%,"19,610",76.96%,"19,510",75.08%,"19,593",73.25%,"20,156",73.48%,-6.88%
UKG32,"17,453",118.70%,"18,217",119.28%,"18,585",117.94%,"18,711",112.80%,"19,690",114.64%,"21,123",117.78%,"22,643",119.77%,"22,926",116.40%,"24,403",117.84%,"25,382",116.87%,"26,583",117.42%,"25,419",109.92%,"24,319",108.15%,"24,384",107.05%,"24,818",106.96%,"27,001",113.54%,"27,400",111.65%,"29,529",115.89%,"32,586",125.39%,"35,435",132.47%,"36,042",131.40%,12.70%
UKK23,"12,420",84.47%,"12,312",80.61%,"12,977",82.35%,"13,449",81.08%,"13,629",79.35%,"14,055",78.37%,"14,709",77.80%,"15,464",78.51%,"16,638",80.34%,"17,630",81.18%,"17,706",78.21%,"18,142",78.46%,"17,623",78.37%,"17,987",78.96%,"18,220",78.53%,"18,528",77.91%,"19,078",77.74%,"20,075",78.79%,"20,543",79.05%,"21,096",78.87%,"21,295",77.63%,-6.83%
UKF13,"12,167",82.75%,"12,243",80.16%,"12,618",80.07%,"11,993",72.30%,"12,513",72.86%,"12,940",72.15%,"13,548",71.66%,"14,490",73.57%,"15,236",73.57%,"16,070",73.99%,"16,187",71.50%,"16,311",70.54%,"14,922",66.36%,"15,986",70.18%,"17,042",73.45%,"17,425",73.28%,"18,406",75.00%,"18,553",72.81%,"18,614",71.63%,"19,331",72.27%,"19,903",72.56%,-10.19%
UKJ35,"14,132",96.11%,"14,565",95.36%,"14,800",93.92%,"15,326",92.39%,"16,124",93.88%,"17,061",95.13%,"17,271",91.36%,"18,238",92.60%,"19,013",91.81%,"19,678",90.61%,"20,706",91.46%,"21,060",91.07%,"20,528",91.29%,"21,033",92.34%,"21,509",92.70%,"22,300",93.78%,"22,354",91.09%,"22,315",87.58%,"23,396",90.03%,"22,909",85.64%,"23,863",87.00%,-9.11%
UKF16,"10,102",68.70%,"10,233",67.00%,"11,051",70.13%,"11,771",70.96%,"12,042",70.11%,"12,649",70.53%,"12,874",68.10%,"12,833",65.16%,"14,398",69.53%,"15,174",69.87%,"15,266",67.43%,"15,182",65.65%,"14,804",65.84%,"14,594",64.07%,"14,686",63.30%,"15,155",63.73%,"16,250",66.22%,"16,836",66.08%,"16,977",65.33%,"17,110",63.97%,"17,629",64.27%,-4.43%
UKC12,"9,963",67.76%,"10,298",67.43%,"10,885",69.08%,"11,173",67.36%,"10,998",64.03%,"11,854",66.10%,"12,372",65.44%,"14,209",72.14%,"14,482",69.93%,"14,921",68.70%,"15,586",68.84%,"16,032",69.33%,"15,891",70.67%,"16,451",72.22%,"16,266",70.11%,"15,872",66.75%,"16,533",67.37%,"16,594",65.13%,"16,631",64.00%,"16,734",62.56%,"17,002",61.98%,-5.77%
UKJ32,"17,978",122.27%,"18,285",119.72%,"17,460",110.80%,"17,213",103.77%,"18,155",105.71%,"19,590",109.23%,"20,684",109.41%,"21,619",109.76%,"22,520",108.74%,"22,551",103.84%,"24,218",106.97%,"23,288",100.71%,"22,333",99.32%,"21,597",94.81%,"21,650",93.31%,"21,797",91.66%,"23,253",94.75%,"24,187",94.93%,"24,724",95.14%,"24,517",91.66%,"25,980",94.71%,-27.55%
UKH31,"11,313",76.94%,"11,826",77.43%,"12,088",76.71%,"12,954",78.09%,"13,453",78.33%,"14,345",79.99%,"15,028",79.49%,"15,207",77.21%,"15,167",73.24%,"15,872",73.08%,"16,437",72.60%,"16,815",72.72%,"16,737",74.43%,"16,470",72.30%,"16,008",68.99%,"16,241",68.30%,"16,475",67.13%,"17,455",68.50%,"17,662",67.96%,"17,771",66.44%,"17,899",65.25%,-11.68%
UKG24,"11,731",79.78%,"12,388",81.11%,"12,373",78.52%,"12,674",76.40%,"13,133",76.47%,"13,886",77.43%,"14,291",75.59%,"15,202",77.18%,"15,838",76.48%,"16,568",76.29%,"17,003",75.10%,"17,566",75.96%,"16,388",72.88%,"16,653",73.11%,"16,851",72.63%,"16,856",70.88%,"17,257",70.32%,"17,943",70.42%,"18,740",72.11%,"18,913",70.71%,"19,374",70.63%,-9.15%
UKG23,"12,280",83.51%,"12,873",84.29%,"12,853",81.56%,"13,051",78.68%,"12,957",75.44%,"12,982",72.39%,"13,950",73.79%,"14,604",74.15%,"14,874",71.82%,"15,684",72.22%,"15,498",68.45%,"16,269",70.36%,"15,981",71.07%,"16,876",74.09%,"17,378",74.90%,"18,284",76.89%,"18,706",76.22%,"18,927",74.28%,"19,888",76.53%,"20,478",76.56%,"21,067",76.80%,-6.71%
UKH14,"14,097",95.87%,"14,117",92.43%,"13,888",88.13%,"15,071",90.85%,"15,758",91.75%,"16,431",91.62%,"17,214",91.06%,"17,656",89.64%,"17,931",86.59%,"19,189",88.36%,"19,589",86.52%,"20,160",87.18%,"19,310",85.88%,"19,779",86.83%,"20,130",86.76%,"20,603",86.64%,"21,347",86.99%,"21,990",86.30%,"22,287",85.76%,"22,794",85.21%,"23,350",85.13%,-10.75%
UKC23,"10,985",74.71%,"11,393",74.60%,"11,160",70.82%,"11,794",71.10%,"12,993",75.65%,"13,979",77.95%,"14,598",77.22%,"15,651",79.46%,"17,273",83.41%,"17,445",80.33%,"17,877",78.96%,"17,881",77.33%,"17,339",77.11%,"17,377",76.29%,"17,504",75.44%,"18,335",77.10%,"19,076",77.73%,"20,360",79.91%,"20,901",80.43%,"21,718",81.19%,"22,368",81.55%,6.84%
UKK14,"22,629",153.90%,"23,535",154.10%,"23,838",151.28%,"24,082",145.18%,"25,516",148.56%,"25,545",142.44%,"25,545",135.12%,"26,285",133.45%,"27,761",134.05%,"28,881",132.98%,"30,229",133.52%,"30,325",131.14%,"29,730",132.22%,"28,366",124.53%,"28,765",123.98%,"28,832",121.24%,"29,811",121.47%,"29,658",116.40%,"30,085",115.77%,"32,276",120.66%,"32,418",118.18%,-35.71%
UKG21,"15,583",105.98%,"16,032",104.97%,"15,660",99.38%,"15,227",91.80%,"15,385",89.58%,"16,578",92.44%,"16,830",89.02%,"17,761",90.18%,"18,214",87.95%,"19,126",88.07%,"19,669",86.88%,"19,996",86.47%,"18,831",83.75%,"19,105",83.87%,"19,952",85.99%,"21,249",89.36%,"21,346",86.98%,"21,495",84.36%,"21,975",84.56%,"22,386",83.69%,"22,783",83.06%,-22.92%
UKH32,"15,374",104.56%,"16,096",105.39%,"15,290",97.03%,"15,095",91.00%,"15,241",88.74%,"15,961",89.00%,"18,019",95.31%,"19,335",98.17%,"18,445",89.07%,"19,388",89.27%,"18,193",80.36%,"18,258",78.96%,"18,870",83.92%,"18,006",79.05%,"19,292",83.15%,"17,288",72.70%,"18,400",74.98%,"19,131",75.08%,"19,968",76.84%,"20,652",77.21%,"21,080",76.85%,-27.71%
UKK42,"11,829",80.45%,"11,654",76.30%,"11,512",73.05%,"11,482",69.22%,"11,481",66.85%,"11,447",63.83%,"12,431",65.76%,"13,467",68.37%,"13,746",66.38%,"14,585",67.16%,"14,649",64.70%,"15,056",65.11%,"14,194",63.12%,"14,689",64.48%,"14,696",63.34%,"14,940",62.83%,"15,207",61.97%,"15,564",61.08%,"15,579",59.95%,"15,738",58.84%,"16,204",59.07%,-21.37%
UKI42,"47,834",325.31%,"48,384",316.79%,"47,720",302.83%,"52,180",314.56%,"52,783",307.32%,"54,196",302.20%,"59,616",315.35%,"66,450",337.38%,"76,697",370.36%,"79,451",365.83%,"89,264",394.28%,"86,101",372.34%,"86,273",383.67%,"81,005",355.61%,"92,618",399.18%,"89,295",375.50%,"90,582",369.10%,"95,541",374.96%,"95,209",366.37%,"94,591",353.62%,"96,309",351.11%,25.80%
UKC22,"11,369",77.32%,"11,964",78.33%,"12,367",78.48%,"12,803",77.18%,"13,829",80.52%,"14,835",82.72%,"15,652",82.79%,"17,002",86.32%,"18,121",87.50%,"18,859",86.84%,"18,966",83.77%,"19,617",84.83%,"18,786",83.55%,"19,123",83.95%,"20,121",86.72%,"20,407",85.82%,"20,719",84.43%,"21,255",83.42%,"22,210",85.47%,"22,710",84.90%,"23,257",84.79%,7.47%
UKE45,"11,430",77.73%,"11,951",78.25%,"12,590",79.90%,"12,892",77.72%,"13,093",76.23%,"13,606",75.87%,"14,825",78.42%,"15,595",79.18%,"16,093",77.71%,"16,727",77.02%,"17,235",76.13%,"17,568",75.97%,"17,339",77.11%,"17,931",78.72%,"18,158",78.26%,"18,933",79.62%,"19,596",79.85%,"19,502",76.54%,"20,543",79.05%,"21,090",78.84%,"21,637",78.88%,1.15%
UKG38,"10,822",73.60%,"11,492",75.24%,"11,752",74.58%,"12,170",73.37%,"12,279",71.49%,"12,459",69.47%,"12,331",65.23%,"13,294",67.50%,"13,895",67.10%,"14,148",65.14%,"14,268",63.02%,"14,227",61.52%,"13,776",61.26%,"14,427",63.33%,"14,924",64.32%,"15,332",64.47%,"15,886",64.73%,"16,930",66.44%,"17,364",66.82%,"17,930",67.03%,"18,551",67.63%,-5.97%
UKI34,"20,409",138.80%,"21,251",139.14%,"22,283",141.41%,"24,066",145.08%,"24,766",144.20%,"25,209",140.57%,"25,797",136.46%,"26,854",136.34%,"28,586",138.04%,"29,589",136.24%,"32,823",144.98%,"34,516",149.26%,"31,777",141.32%,"31,793",139.57%,"32,963",142.07%,"35,686",150.07%,"37,028",150.88%,"38,159",149.76%,"38,475",148.05%,"39,137",146.31%,"40,134",146.31%,7.52%
UKD61,"16,557",112.60%,"17,694",115.85%,"18,203",115.52%,"19,358",116.70%,"21,627",125.92%,"22,857",127.45%,"24,013",127.02%,"24,003",121.87%,"25,919",125.16%,"28,537",131.40%,"29,165",128.82%,"27,708",119.82%,"27,086",120.46%,"27,946",122.68%,"27,324",117.77%,"30,294",127.39%,"29,383",119.73%,"31,197",122.44%,"29,543",113.68%,"31,167",116.52%,"32,119",117.09%,4.49%
UKG13,"15,754",107.14%,"16,165",105.84%,"17,092",108.47%,"16,833",101.48%,"16,992",98.93%,"17,860",99.59%,"18,535",98.04%,"18,824",95.57%,"19,947",96.32%,"21,496",98.98%,"21,527",95.08%,"22,294",96.41%,"21,387",95.11%,"22,127",97.14%,"22,941",98.88%,"24,452",102.83%,"26,584",108.32%,"27,857",109.33%,"29,474",113.42%,"29,994",112.13%,"30,738",112.06%,4.92%
UKD11,"11,667",79.35%,"12,186",79.79%,"11,704",74.27%,"11,780",71.02%,"11,785",68.62%,"12,494",69.67%,"13,461",71.20%,"13,732",69.72%,"13,622",65.78%,"15,649",72.06%,"16,185",71.49%,"17,564",75.96%,"18,196",80.92%,"18,800",82.53%,"18,926",81.57%,"19,413",81.64%,"20,273",82.61%,"21,239",83.36%,"22,477",86.49%,"22,390",83.70%,"23,284",84.89%,5.54%
UKH35,"14,070",95.69%,"14,278",93.49%,"14,392",91.33%,"15,376",92.69%,"16,484",95.98%,"17,123",95.48%,"18,678",98.80%,"18,851",95.71%,"19,547",94.39%,"20,513",94.45%,"21,389",94.47%,"21,812",94.33%,"20,317",90.35%,"21,301",93.51%,"21,272",91.68%,"21,347",89.77%,"21,750",88.63%,"24,003",94.20%,"25,097",96.58%,"25,428",95.06%,"26,491",96.58%,0.89%
UKJ46,"14,315",97.35%,"14,804",96.93%,"15,162",96.22%,"15,443",93.10%,"16,174",94.17%,"17,224",96.04%,"18,307",96.84%,"18,820",95.55%,"20,519",99.08%,"21,063",96.98%,"21,685",95.78%,"22,952",99.26%,"22,057",98.09%,"22,519",98.86%,"22,840",98.44%,"23,436",98.55%,"24,185",98.55%,"25,690",100.82%,"27,414",105.49%,"27,540",102.96%,"28,665",104.50%,7.15%
UKF24,"15,107",102.74%,"15,425",101.00%,"16,290",103.38%,"17,518",105.61%,"17,615",102.56%,"17,782",99.15%,"18,963",100.31%,"19,538",99.20%,"20,062",96.88%,"21,329",98.21%,"22,778",100.61%,"23,073",99.78%,"21,981",97.75%,"23,054",101.21%,"22,494",96.95%,"23,306",98.01%,"24,502",99.84%,"25,265",99.16%,"25,108",96.62%,"26,604",99.46%,"27,528",100.36%,-2.38%
UKJ25,"19,484",132.51%,"20,629",135.07%,"22,653",143.76%,"23,596",142.25%,"24,106",140.36%,"24,777",138.16%,"25,864",136.81%,"25,274",128.32%,"26,004",125.57%,"27,622",127.18%,"28,665",126.61%,"29,960",129.56%,"28,934",128.68%,"29,530",129.64%,"29,484",127.08%,"31,472",132.35%,"32,840",133.82%,"33,767",132.52%,"35,071",134.96%,"35,155",131.43%,"35,780",130.44%,-2.07%
UKJ28,"17,469",118.80%,"17,974",117.68%,"18,659",118.41%,"19,345",116.62%,"20,297",118.18%,"21,054",117.40%,"21,523",113.85%,"21,764",110.50%,"22,283",107.60%,"23,813",109.65%,"24,065",106.29%,"25,411",109.89%,"25,183",111.99%,"25,538",112.11%,"24,716",106.53%,"26,110",109.80%,"27,563",112.31%,"28,962",113.67%,"30,121",115.91%,"30,534",114.15%,"31,059",113.23%,-5.57%
UKJ27,"14,332",97.47%,"14,906",97.60%,"15,126",95.99%,"15,738",94.88%,"16,648",96.93%,"17,195",95.88%,"17,628",93.25%,"18,055",91.67%,"18,575",89.70%,"19,849",91.39%,"19,823",87.56%,"20,290",87.74%,"19,918",88.58%,"20,829",91.44%,"20,565",88.63%,"21,230",89.28%,"21,588",87.97%,"21,512",84.43%,"21,885",84.22%,"22,071",82.51%,"22,613",82.44%,-15.03%
UKI32,"106,506",724.33%,"112,386",735.85%,"114,519",726.74%,"121,261",731.02%,"122,819",715.10%,"125,087",697.49%,"131,223",694.12%,"135,105",685.95%,"142,391",687.58%,"147,310",678.29%,"163,682",722.98%,"176,599",763.70%,"183,065",814.13%,"187,115",821.44%,"194,730",839.28%,"199,237",837.83%,"209,182",852.38%,"225,703",885.80%,"222,898",857.73%,"238,941",893.27%,"250,030",911.52%,187.19%
UKK15,"13,746",93.48%,"13,780",90.22%,"14,085",89.38%,"14,582",87.91%,"15,353",89.39%,"16,085",89.69%,"16,163",85.50%,"16,812",85.36%,"17,238",83.24%,"17,999",82.88%,"19,009",83.96%,"19,770",85.50%,"19,197",85.37%,"19,583",85.97%,"19,172",82.63%,"19,425",81.69%,"19,669",80.15%,"21,125",82.91%,"21,456",82.56%,"21,950",82.06%,"22,742",82.91%,-10.58%
UKD74,"9,192",62.51%,"9,828",64.35%,"10,006",63.50%,"10,351",62.40%,"10,591",61.67%,"11,412",63.63%,"12,241",64.75%,"12,173",61.80%,"12,419",59.97%,"13,157",60.58%,"13,323",58.85%,"13,846",59.88%,"13,420",59.68%,"13,308",58.42%,"13,946",60.11%,"13,217",55.58%,"13,697",55.81%,"14,113",55.39%,"14,733",56.69%,"14,705",54.97%,"15,164",55.28%,-7.23%
UKG39,"12,361",84.07%,"13,060",85.51%,"13,642",86.57%,"14,151",85.31%,"14,488",84.36%,"14,854",82.83%,"14,805",78.31%,"15,923",80.84%,"16,824",81.24%,"17,194",79.17%,"17,413",76.91%,"17,219",74.46%,"16,832",74.86%,"17,603",77.28%,"17,817",76.79%,"18,275",76.85%,"18,413",75.03%,"18,560",72.84%,"18,001",69.27%,"18,255",68.25%,"19,021",69.34%,-14.72%
UKG12,"11,391",77.47%,"12,370",80.99%,"13,841",87.83%,"14,765",89.01%,"14,503",84.44%,"14,285",79.65%,"15,719",83.15%,"17,165",87.15%,"17,000",82.09%,"18,028",83.01%,"17,586",77.68%,"17,746",76.74%,"16,954",75.40%,"17,299",75.94%,"18,029",77.70%,"18,705",78.66%,"19,359",78.88%,"20,188",79.23%,"21,165",81.44%,"21,634",80.88%,"22,584",82.33%,4.86%
UKE21,"16,255",110.55%,"16,666",109.12%,"16,712",106.05%,"17,682",106.60%,"18,716",108.97%,"20,591",114.82%,"21,961",116.17%,"22,912",116.33%,"22,533",108.81%,"22,728",104.65%,"24,182",106.81%,"23,819",103.01%,"23,458",104.32%,"22,990",100.93%,"23,445",101.05%,"23,924",100.61%,"24,255",98.83%,"24,318",95.44%,"23,773",91.48%,"24,146",90.27%,"25,130",91.62%,-18.93%
," 14,704 ",," 15,273 ",," 15,758 ",," 16,588 ",," 17,175 ",," 17,934 ",," 18,905 ",," 19,696 ",," 20,709 ",," 21,718 ",," 22,640 ",," 23,124 ",," 22,486 ",," 22,779 ",," 23,202 ",," 23,780 ",," 24,541 ",," 25,480 ",," 25,987 ",," 26,749 ",," 27,430 ",,
